CellIDs	LentiBarcode
AAACGCTAGTAACCTC-1	1
AAAGAACTCTTACACT-1	 
AAAGGTAGTGACTCTA-1	 
AAAGTGACACGCAAAG-1	 
AACAACCTCCGTAATG-1	 
AACAAGATCGTTAGTG-1	 
AACCTGAAGTGACACG-1	5
AACGGGAAGCCGTCGT-1	5
AAGATAGCAGAGACTG-1	 
AAGCATCGTATGATCC-1	1
AAGGAATTCTTCCGTG-1	 
AAGGTAAGTGTACAGG-1	7
AATCGTGAGAAACCAT-1	 
ACATCGATCTACCCAC-1	1
ACCCAAAGTCGTGATT-1	 
ACCGTTCAGCAGGTCA-1	 
ACCTGTCGTGCTATTG-1	1
ACGATGTAGGTTACAA-1	 
ACGATGTGTGTATTGC-1	10
ACGGGTCCATAGGTTC-1	 
ACGTCCTAGACATACA-1	 
AGAAATGTCTACGGTA-1	5
AGAGAATTCGCCATAA-1	 
AGAGAGCCATGCGGTC-1	 
AGAGCAGGTTGTCTAG-1	 
AGAGCCCCACACCGAC-1	 
AGATGCTTCGCTGATA-1	 
AGCATCACACAAGGTG-1	 
AGCCAATCATATACCG-1	 
AGCCACGAGCTCAGAG-1	15
AGCGCCATCATGTCAG-1	 
AGCGTATAGCCGAACA-1	 
AGGAGGTGTCCACATA-1	 
AGGCCACAGTGAGCCA-1	 
AGGTCTAGTATGAGAT-1	17
AGGTGTTTCCAATGCA-1	 
AGGTGTTTCGAGTACT-1	18
AGGTTACTCTAGAACC-1	17
AGTACCACAGGCCTGT-1	 
AGTCAACGTCTGTGGC-1	 
AGTTCGAAGCTGCGAA-1	 
ATCACGAGTAGACGGT-1	 
ATCCACCTCTGATTCT-1	 
ATCGTAGCATGACAGG-1	 
ATCTCTAAGGCATCGA-1	 
ATCTTCATCGGTCAGC-1	 
ATGACCACAAGGTTGG-1	1
ATGAGTCGTCGATGCC-1	 
ATGGAGGGTTGCATTG-1	 
ATTCACTGTGGTTCTA-1	1
ATTCGTTGTCCTTAAG-1	 
ATTCGTTTCGAGCACC-1	 
ATTCTACTCCTTTGAT-1	 
ATTGGGTCAGAATGTA-1	15
ATTGTTCCAAACGGCA-1	 
ATTTCACCACAGAGCA-1	 
CAACCTCAGCAGGCAT-1	5
CAAGACTTCGCGTGAC-1	 
CAATCGAGTCACCGCA-1	 
CACAGGCAGCCTCATA-1	15
CACCGTTGTACGAAAT-1	15
CACTTCGCAAAGGAGA-1	 
CACTTCGTCTGGTTGA-1	 
CATCCCAGTTTGTTCT-1	 
CATCCGTGTAAGTTGA-1	5
CATCGGGCATCTAACG-1	 
CATCGTCAGCCGAATG-1	17
CATGCAATCAACTGAC-1	 
CCCGGAAGTTATGTCG-1	15
CCCTAACCATCGGAAG-1	1
CCGGTGATCACGTCCT-1	 
CCGTGAGTCATCGCAA-1	 
CCTAACCGTGCGACAA-1	 
CCTAAGAAGCGCTGCT-1	17
CCTCACATCACGATCA-1	 
CCTCCTCCAATAGGGC-1	 
CCTCCTCCATGACTAC-1	 
CCTGTTGTCAATCTTC-1	10
CCTTGTGGTATCGCGC-1	1
CCTTTGGTCGAGAACG-1	 
CGAAGGAGTAAGTCAA-1	 
CGAAGTTAGATGCTGG-1	17
CGTGATATCGCCAGTG-1	1
CGTGCTTGTGCCCGTA-1	 
CTAACCCCACGCGGTT-1	1
CTAACCCTCGTTAGAC-1	5
CTACCCAAGAACTGAT-1	10
CTAGGTAGTTGATCGT-1	 
CTCCCAATCCTCAGAA-1	1
CTCCTTTCATGATGCT-1	 
CTGATCCGTGTTACTG-1	1
CTGATCCTCAACGAGG-1	 
CTGCAGGAGGATGAGA-1	5
CTGCAGGTCAGGAACG-1	 
CTGCCATGTGAATGAT-1	18
CTGCGAGTCGATCCAA-1	 
CTTCAATAGGCCGCTT-1	 
CTTCCGATCTTAGTTC-1	 
CTTGATTGTCAAACGG-1	 
GAAATGACAACCGTGC-1	 
GAACACTGTGGCTACC-1	10
GAACACTGTGTCACAT-1	 
GAACACTTCCTCACTG-1	10
GACACGCCACGGCTAC-1	 
GACCGTGGTGTAACGG-1	 
GACGCTGCATATCGGT-1	17
GACTGATAGCGATGAC-1	1
GAGAGGTCACCGTCGA-1	 
GAGGCAAGTAAGTAGT-1	18
GAGTGTTGTATGGAGC-1	 
GATAGAAAGCTGTCCG-1	1
GATAGCTAGACCATTC-1	10
GCAACATCAGCGTACC-1	 
GCAACATGTACAAAGT-1	1
GCACGGTTCCAGTACA-1	 
GCATCTCCACGGCGTT-1	1
GCCAACGTCAGTAGGG-1	1
GCGTTTCCACAAGCCC-1	 
GCTACAACAAGTCATC-1	15
GCTCAAACACTCCGGA-1	5
GCTGGGTTCATTACTC-1	 
GCTGGGTTCTACCCAC-1	10
GCTTTCGCAGCCCACA-1	1
GCTTTCGTCCTCAGGG-1	1
GGAAGTGTCTTCACAT-1	 
GGAGATGCACACGTGC-1	7
GGAGCAAGTGCTGATT-1	 
GGCGTCACAGCGTGAA-1	7
GGGATCCAGCCATATC-1	 
GGGATGACAACTGTGT-1	 
GGGCGTTTCGCCGAGT-1	 
GGGTTTAAGCGTCAGA-1	 
GGTCTGGTCACTTCTA-1	 
GGTGGCTTCCATCAGA-1	1
GTAACACCATCCTCAC-1	 
GTAATCGCAAGTGACG-1	 
GTACAACTCATCTACT-1	18
GTATTTCAGCATGATA-1	 
GTCAGCGCAGTGCGCT-1	17
GTCTAGAAGGGTAGCT-1	 
GTGACGCGTAGTTACC-1	 
GTGAGGATCGTTCGCT-1	18
GTGCACGAGCACTTTG-1	17
GTTCATTGTTCGGTAT-1	 
TAACTTCCAGGCATGA-1	 
TAAGCACAGCGGATCA-1	10
TAATCTCTCGTGACTA-1	 
TACAGGTAGACTAGAT-1	 
TACCCGTTCAGAGCGA-1	 
TACTTACGTAGTTAGA-1	 
TAGACTGTCATCAGTG-1	 
TAGTGCATCGAAGAAT-1	 
TATTCCAAGCAATTAG-1	 
TCACGGGGTTGCCTAA-1	1
TCATACTCACAGCATT-1	15
TCATGCCAGTAAATGC-1	 
TCATGGAGTCCCTGAG-1	 
TCATGGAGTTGTAAAG-1	 
TCATTACTCTGGAGAG-1	15
TCATTTGTCGATTGAC-1	 
TCCCACATCTTGGAAC-1	 
TCCCATGTCTACTATC-1	 
TCCGGGATCGTACCTC-1	 
TCCTCGACAACTAGAA-1	 
TCCTCTTTCCAGCAAT-1	 
TCCTTTCGTATGCTTG-1	 
TCGATTTAGTATTCCG-1	10
TCGCTTGAGCAATTAG-1	 
TCTACCGGTGCGGTAA-1	15
TCTGCCACAAGCGATG-1	 
TGAATCGCACGTTGGC-1	 
TGACAGTTCTGGCCGA-1	7
TGATCAGGTCGTGTTA-1	 
TGATCTTGTGGACCTC-1	1
TGATGCACAGTCTCTC-1	5
TGATGGTGTACAGCGA-1	 
TGCACGGGTTGCGAAG-1	 
TGCGGGTCAATGGCAG-1	 
TGCTTGCTCATTTGTC-1	 
TGGAGGAGTTAGCGGA-1	 
TGGATCAGTTGCTCAA-1	 
TGTAGACGTTTAGTCG-1	10
TGTCCCACATGACTCA-1	7
TGTTCCGAGACACACG-1	1
TTACCGCGTGGAGAAA-1	 
TTACGCCCATACTGTG-1	 
TTGAACGGTGCAGTGA-1	 
TTGCATTCACCTGTCT-1	10
TTGTGGACACAAACGG-1	 
TTTACCAAGTAGCAAT-1	18
TTTAGTCCAGATAAAC-1	 
TTTGATCTCGGTCTAA-1	 
