CellIDs	Imputed
GACCGTGGTCACTTAG-1	10
GTAACACGTAACAGTA-1	10
GCGGATCCAATAGAGT-1	10
CACCAAAAGTAAGAGG-1	10
CTCAGAACAACTGAAA-1	10
AGGGAGTTCGCGTGAC-1	10
TCAGCCTAGGTAAGAG-1	10
TTGCATTGTCGAGCAA-1	10
CTCCTTTAGAGGCGTT-1	10
ACTTCGCCAATAGAGT-1	10
AGATAGACAGCTGAAG-1	10
GGGTATTCACCAAAGG-1	10
GCATTAGGTATGTCCA-1	10
TCATTTGAGCTCACTA-1	10
CATTCTAAGAATTGTG-1	10
CTGTAGAAGAGGGTAA-1	10
ACCTACCCAGAGAGGG-1	10
CGTAGTAAGACCAGAC-1	10
CAGCAATGTCCAGAAG-1	10
TCATGGAAGAACAAGG-1	10
TGCGACGCAGTCAGCC-1	10
AGCCACGGTCATCAGT-1	10
CAGCACGGTGAGTAAT-1	10
TTGGATGAGGAGTATT-1	10
AACGTCAGTTTACACG-1	10
CATAAGCCACTTCAGA-1	10
GTTATGGTCGGTAAGG-1	10
ACCGTTCTCTTCCGTG-1	10
GTCCCATCAGACCGCT-1	10
CACTTCGTCCCTCGAT-1	10
CACGAATGTCGCATCG-1	10
AGTAACCCAGACTGCC-1	10
GTAACACCAAGGGTCA-1	10
TTTCATGCAGCACGAA-1	10
CTGTCGTGTCTGGTTA-1	10
AGTCAACCACATCATG-1	10
AAGACAATCCACTTTA-1	10
AGCGTATTCGGAGTGA-1	10
TGGAACTCAGACCAGA-1	12
TTCTGTAGTCTTGTCC-1	12
TCAAGTGGTGGTCTCG-1	12
CCTGTTGAGGCTAAAT-1	12
GCATCTCGTCGCCTAG-1	12
GCAGCTGAGATGTTAG-1	12
GCTTCACCAGGCAATG-1	12
AAGTGAAAGGATGCGT-1	12
TCTCCGACAACTCGTA-1	12
TAAGTCGAGGACGCAT-1	12
TAATTCCCAGGTGTTT-1	12
GTCGTAATCATTTGTC-1	13
TGTACAGCACGTCTCT-1	13
AATCACGTCTGAGATC-1	13
CGCCATTGTCCCGCAA-1	13
TTAGGCACACACAGCC-1	13
CCGTTCACACACGGAA-1	13
GCATCTCTCCAGGACC-1	13
AAAGGATTCGCACGAC-1	13
CGTCAAAAGGGATCGT-1	13
ATAGACCTCTCTTCAA-1	13
CCGGGTATCTGGCCAG-1	14
ACAAGCTTCCAAACCA-1	14
ATCGTGACAGTTAAAG-1	14
ACCCAAAGTCAAGTTC-1	14
TGTCCTGTCGTTCAGA-1	14
CTCTCGAAGAATGTTG-1	14
GTAACACGTTTCTATC-1	14
GTTCGCTCAATTGCTG-1	14
ATTCATCTCTGCGTCT-1	14
AACCCAAAGACTTCGT-1	14
AGGAATACAGAGGTTG-1	14
TTAATCCCACTCAAGT-1	14
CTACCTGGTTACCCTC-1	14
CTACAGACATCGAAGG-1	14
GACAGCCGTGCGACAA-1	14
GGTTGTAGTCCGGCAT-1	14
AGTTCGAGTAGTGATA-1	14
TTACTGTTCAAATGCC-1	14
CGAGGCTTCTCGGTCT-1	14
CTGGACGGTTCAACGT-1	14
CAGATACGTGCGAGTA-1	14
CATACTTCAATCCTAG-1	14
ATGTCCCGTCAGTCCG-1	14
CGGACACCAGCAGTTT-1	14
CCGGGTAGTATGAGGC-1	14
TATTCCACAGGATGAC-1	14
GAGACCCCACTACAGT-1	14
AAGGAATGTGACTAAA-1	14
TTCAGGAAGACTAGAT-1	14
TAGATCGCAGCTGGTC-1	14
TATTCCAGTTCCGCAG-1	14
TCTACATAGGCATGCA-1	14
CGCGTGAGTGAGAACC-1	14
TACCCGTCAAATCGGG-1	14
CGTGTCTCAAATGATG-1	14
CATTCCGAGGAAAGGT-1	14
CTGTATTGTAGGTGCA-1	14
TGTTTGTAGGGCTGAT-1	14
TTCCTTCTCGAGTGAG-1	14
CGCCAGAGTCATGGCC-1	14
ATGAGGGCAGGCACAA-1	14
TATCAGGAGGCAGCTA-1	14
CGGAATTTCTACGGTA-1	14
ATTGGGTTCTTAAGGC-1	14
GTGTGGCGTTGGGATG-1	14
CACGGGTAGAGTCAAT-1	14
CGCCATTCAGATTAAG-1	14
ATCTCTACAAGGTCAG-1	14
CGGACACTCGTCTAAG-1	14
AATGGAATCTTTCGAT-1	14
ATGAGTCGTACCATAC-1	14
GTAGATCGTTGGTAGG-1	14
AGGCATTGTCGTTGGC-1	14
ACCCAAATCGTTCAGA-1	14
TAGACCAGTCACTAGT-1	14
ACGGTTAGTTAAGTCC-1	14
TTAGGGTAGACTTCCA-1	14
GAGGGTACAAAGTGTA-1	14
GTTCGCTTCGCCGATG-1	14
TTAGTCTCAGTCAGCC-1	14
GGTGATTAGTTTCGGT-1	14
GATTCTTGTACCATAC-1	14
GTTATGGGTTTACTTC-1	14
CGGGCATGTGACTCTA-1	14
ATTGTTCCACTCCACT-1	14
CCTCTAGAGACCAAAT-1	14
CCTTCAGCACGTACTA-1	14
CTAACCCCAGTTAGGG-1	14
CGGGTCACACCCTATC-1	15
GCATCTCGTTAACCTG-1	15
ACGATCATCCGTTGGG-1	15
GCGTGCAAGCTGGAGT-1	15
TTACGTTAGAGGGTAA-1	15
ATCGTGATCCAAGCTA-1	15
CAGCCAGAGTGGAAAG-1	15
TCATTGTCATACAGAA-1	15
TCGAACATCGCAGTGC-1	15
TGTGATGGTACTTGTG-1	15
GTTGTCCAGAATCGAT-1	15
AGAAGCGCAGTTCCAA-1	15
ACTTTGTCAGCGGTCT-1	15
TGGGAAGCAAGCTACT-1	15
GGTGTCGGTTAAGGGC-1	15
CCCGAAGTCAAGTTGC-1	15
GTCAAACCACCGTGCA-1	15
TCAGGGCTCTGATTCT-1	15
AATGGCTAGGGTGAAA-1	15
CGGAACCGTGACCGAA-1	15
CATTGTTGTGTCTTGA-1	15
ACTACGAAGGAGATAG-1	15
TACATTCGTGCGGTAA-1	15
CATTTCAGTCACTTCC-1	18
GCCCAGAAGACATCCT-1	18
CTGCTCAAGTAACGAT-1	18
GGTAATCTCACGACTA-1	18
TTCCTTCGTCGGAAAC-1	18
ACAGAAAAGTCGCCCA-1	18
ACCCAAAGTATCGAGG-1	18
TGAGGTTAGCTGGAGT-1	18
AGACCATCAGACAATA-1	18
AGTCTCCGTCACTCGG-1	18
ATCGGATAGCGTTGTT-1	18
AGTAGCTTCAGCAATC-1	18
CGGGACTTCAGCATTG-1	18
GTGAGGACAGACCCGT-1	22
GTTGTCCCAAAGTGTA-1	22
TTGGATGAGTTACTCG-1	22
ACTATTCGTCTGATAC-1	22
TACCCGTAGTCACTGT-1	22
AGAGCCCAGATGAATC-1	23
CCGCAAGCACGTACAT-1	23
GCCGATGAGATAGCAT-1	23
CTCCTCCTCGACGAGA-1	23
CGAAGTTGTTATGGTC-1	23
CCAAGCGAGGTACAAT-1	23
TGACCCTAGGAGTCTG-1	23
AATGGAAAGCGTCAGA-1	discovered
CATCGGGGTAAGGCTG-1	discovered
GTCGCGATCGAAGTGG-1	discovered
TGAGACTCACTAGGTT-1	discovered
TCGAACACAAATCAAG-1	discovered
GTTGTGATCGGATACT-1	discovered
TTCCTAATCTCCTGAC-1	discovered
TTTACCATCAGAACCT-1	discovered
TGCTCGTCACTAACCA-1	discovered
GCACGGTTCACGAACT-1	discovered
AACGAAATCCGATAAC-1	discovered
CTGCATCTCATGCCAA-1	discovered
TTTAGTCGTAAGGCTG-1	discovered
CCTCAGTTCAGGCGAA-1	discovered
ATCACGACAGTGGCTC-1	discovered
CCCTCTCCAGACTGCC-1	discovered
GATGAGGTCGCTCTAC-1	discovered
TACCGGGCAGTTTGGT-1	discovered
AATTCCTGTGGCTGCT-1	discovered
TACACCCAGCAGTAAT-1	discovered
CAGCAGCGTTTGCAGT-1	discovered
CTGCAGGCAGACCGCT-1	discovered
AACCAACTCGTTCAGA-1	discovered
TAATCTCTCTTGCAGA-1	discovered
TCATCATGTTGCTCAA-1	discovered
TGAATGCAGCTCTGTA-1	discovered
ATACCGATCAGCGGAA-1	discovered
GCCATGGAGACCAAAT-1	discovered
CATTTCACACTGATTG-1	discovered
TTCTAGTTCTCTCGAC-1	discovered
TAGGAGGGTTGAAGTA-1	discovered
ACTATCTCAGAGTAAT-1	discovered
ACAACCAGTACGTAGG-1	discovered
GTTGTGACAGCTCCTT-1	discovered
GAAGAATGTAGGCAGT-1	discovered
CTTCGGTTCGGTAACT-1	discovered
AGCATCATCCTGATAG-1	discovered
ATCCGTCAGGCACAAC-1	discovered
GTAGATCCAGAACTCT-1	discovered
AATGGCTAGCTAAATG-1	discovered
GTTCATTTCCGTGTCT-1	discovered
GGTTGTAAGTCGAAAT-1	discovered
TGGGAGAAGTCACTAC-1	discovered
TAGGGTTCACCCTAGG-1	discovered
CAACAGTTCCCATGGG-1	discovered
ATTATCCCAGCAGATG-1	discovered
CCTCAACTCGTAGGAG-1	discovered
AACCCAAGTGGTTTGT-1	discovered
AAAGGTATCGACTCCT-1	discovered
ACTTAGGGTTAGGGTG-1	discovered
TGCTCCATCATTTCGT-1	discovered
ATCCGTCCAGGATTCT-1	discovered
GATCGTATCTCCGATC-1	discovered
GGGACTCGTGTTCCTC-1	discovered
CTCCTTTAGGCACTAG-1	discovered
CAGTGCGTCAAGAAAC-1	7
AAGACTCAGCAGTACG-1	7
GCTCAAAGTAGACACG-1	7
TTGAGTGTCCCTCTTT-1	7
AGTTCCCCACAGGATG-1	7
GTGCAGCCAGTATACC-1	7
TCGTCCAAGCTGACTT-1	7
AACCATGAGTTGGACG-1	7
GTAGGTTAGAAACTCA-1	7
ATTACTCGTAGCTGCC-1	7
AGACAAATCCAACACA-1	7
AACAAGACATTAGGAA-1	7
TTCACGCGTAACACGG-1	4
GAGTCATTCGAAATCC-1	4
TACCTCGGTTAGTTCG-1	4
GTTGTCCCATCATCTT-1	4
CAACGATCAAATCAAG-1	4
GCCAGGTGTGGCGCTT-1	4
GAGGCAACAACCTAAC-1	4
GAACTGTTCCGCGAGT-1	4
ACTCTCGGTGAGCGAT-1	4
AGCTCAACAGTTTCGA-1	4
GCCAGCAGTTCCTACC-1	4
CCTCAGTTCATCACCC-1	4
GGTTCTCGTGCCTTCT-1	4
CTTGATTCAGAACTCT-1	4
TTACTGTGTTATGTGC-1	4
CGATCGGCACGGTAGA-1	4
AAGACTCTCGGAGCAA-1	4
TCTAACTGTCGCCTAG-1	4
TGGTGATGTCAGTCGC-1	4
TGTGCGGTCGGTTAGT-1	4
CAGCAGCCAACCGCTG-1	4
ACCGTTCGTCACCACG-1	4
TAGACTGGTAGCGTAG-1	4
ATCACGATCGACGATT-1	4
ACCGTTCCAGTCAGAG-1	4
GTGGAGACACTTGTGA-1	4
AGTCTCCTCTCCTACG-1	4
TTTCAGTGTGCACGCT-1	4
TGGGTTATCATCCTAT-1	4
ACGTCCTTCCCTCTAG-1	4
TACTGCCCACCACTGG-1	4
TTTGACTAGCGTCAAG-1	4
TCTCCGATCGCTGCGA-1	4
ACCAACATCACTAGCA-1	4
CCAAGCGGTCCTTGTC-1	4
TCGACGGCATTGTGCA-1	4
TCACACCCAGCTGTCG-1	4
ATCACGAAGCAAACAT-1	4
ATTCTACTCTAGATCG-1	4
AAAGGTAAGAATTGTG-1	4
CGATGCGTCCGCGAGT-1	4
AGAGCCCAGTTTCGGT-1	4
TCCAGAATCATGAAAG-1	4
CATAAGCAGCACCTGC-1	4
CACGTGGTCTCTGCCA-1	4
ATCCTATAGCTGACAG-1	4
GGAGGTACAAGAATGT-1	4
CCTACGTTCCATGATG-1	4
GACCAATGTTCAGCGC-1	4
AGCGCCAGTCGTTGCG-1	4
AGCGCTGGTTAAGAAC-1	4
CAAGAGGCAGACATCT-1	4
AGTCAACCAGCTGAGA-1	4
CTCCCAATCCGAGCTG-1	37
CCGGGTAAGTGCGACA-1	37
CCATCACGTCGGAAAC-1	37
TGTGAGTGTGCACATT-1	37
AGACCATCATCACCAA-1	37
CAGGCCACAAATCGTC-1	37
TAGTGCAGTGACCTGC-1	37
CTTCTCTGTTGCTGAT-1	37
GCTTTCGGTGTGTGTT-1	37
CGCCATTCACGACTAT-1	37
CCGAACGGTGTGTCCG-1	37
TCAGCCTAGCTCGGCT-1	37
TTGCTGCCAGCGCTTG-1	34
TGATGGTTCGATTCCC-1	34
GTAGATCCATCATGAC-1	34
CACTGAAGTTTACCAG-1	34
TTCCTTCCAGCTGTTA-1	34
TGCTTGCCAAAGAGTT-1	34
CAGATTGGTTGAGGAC-1	34
CATTGTTTCATCAGTG-1	2
CAACGATAGGCCCGTT-1	2
TAGGGTTGTCACGACC-1	2
TCATGGATCGTGTGGC-1	2
AAACCCAGTCTCTCAC-1	2
ACTGTCCTCGCAATTG-1	2
TCATACTAGATGTTGA-1	2
GAGGGATAGTCACTCA-1	2
TTTGGAGGTCGTCATA-1	2
AACAACCTCCTAACAG-1	2
CCTCCAAAGACGACGT-1	2
TGTAAGCCAATGGGTG-1	2
TTCCAATCATCTAACG-1	2
TCGTGGGGTGCTCTCT-1	2
GCATGATCAAGTGACG-1	2
CCACTTGGTTAGGAGC-1	2
AAAGTCCAGCTCACTA-1	2
CATCGTCTCGGAGTAG-1	2
GCGGATCAGGAAGTAG-1	2
GCCCAGAGTCTGTCAA-1	2
TAGGGTTAGTCTTCGA-1	2
ACTATTCGTGCAATGG-1	2
GGTAACTCACTACACA-1	2
GTTACAGCATGAAAGT-1	2
CATGCCTAGCTGACAG-1	2
GGGACCTTCGAACGGA-1	2
CCCTCAAAGTATGAGT-1	2
GACGCTGAGGATTTAG-1	2
CAAAGAATCAACCGAT-1	2
ATGGTTGGTTGGAGGT-1	2
CTGCAGGGTATCAGGG-1	2
ACGGAAGTCACGGAGA-1	2
TACTGCCTCACATACG-1	2
CTCCCAAAGTGCCAGA-1	2
ATGATCGTCGACATCA-1	2
TGCTGAAAGCGTCAAG-1	2
ATTCCTACAGCCTACG-1	2
CGGGCATTCGTGACTA-1	2
AGACAGGGTTGTGCAT-1	2
TTTCGATTCTCGCCTA-1	2
CTCCTTTTCCCACAGG-1	2
AAAGGTATCAATGTCG-1	2
TGGAGAGAGAGTGTGC-1	29
GGAATCTAGGATTTGA-1	29
TTTCGATTCACCATAG-1	29
TTCTGTAGTTCCTACC-1	29
TTCTTGAAGAGCCCAA-1	29
ATCAGGTCAGCACGAA-1	29
GTAAGTCAGGTCGTGA-1	29
