CellIDs	symbolName
AAACCCAGTCTCTCAC-1	-
AAAGGATTCGCACGAC-1	.
AAAGGTAAGAATTGTG-1	-
AAAGGTATCAATGTCG-1	.
AAAGGTATCGACTCCT-1	.
AAAGTCCAGCTCACTA-1	-
AACAACCTCCTAACAG-1	-
AACAAGACATTAGGAA-1	.
AACCAACTCGTTCAGA-1	.
AACCATGAGTTGGACG-1	-
AACCCAAAGACTTCGT-1	.
AACCCAAGTGGTTTGT-1	.
AACGAAATCCGATAAC-1	.
AACGTCAGTTTACACG-1	.
AAGACAATCCACTTTA-1	-
AAGACTCAGCAGTACG-1	.
AAGACTCTCGGAGCAA-1	-
AAGGAATGTGACTAAA-1	.
AAGTGAAAGGATGCGT-1	-
AATCACGTCTGAGATC-1	-
AATGGAAAGCGTCAGA-1	.
AATGGAATCTTTCGAT-1	-
AATGGCTAGCTAAATG-1	.
AATGGCTAGGGTGAAA-1	-
AATTCCTGTGGCTGCT-1	.
ACAACCAGTACGTAGG-1	.
ACAAGCTTCCAAACCA-1	.
ACAGAAAAGTCGCCCA-1	-
ACCAACATCACTAGCA-1	.
ACCCAAAGTATCGAGG-1	-
ACCCAAAGTCAAGTTC-1	.
ACCCAAATCGTTCAGA-1	-
ACCGTTCCAGTCAGAG-1	-
ACCGTTCGTCACCACG-1	-
ACCGTTCTCTTCCGTG-1	.
ACCTACCCAGAGAGGG-1	.
ACGATCATCCGTTGGG-1	-
ACGGAAGTCACGGAGA-1	-
ACGGTTAGTTAAGTCC-1	-
ACGTCCTTCCCTCTAG-1	-
ACTACGAAGGAGATAG-1	-
ACTATCTCAGAGTAAT-1	.
ACTATTCGTCTGATAC-1	-
ACTATTCGTGCAATGG-1	-
ACTCTCGGTGAGCGAT-1	-
ACTGTCCTCGCAATTG-1	-
ACTTAGGGTTAGGGTG-1	.
ACTTCGCCAATAGAGT-1	-
ACTTTGTCAGCGGTCT-1	-
AGAAGCGCAGTTCCAA-1	-
AGACAAATCCAACACA-1	.
AGACAGGGTTGTGCAT-1	.
AGACCATCAGACAATA-1	-
AGACCATCATCACCAA-1	.
AGAGCCCAGATGAATC-1	-
AGAGCCCAGTTTCGGT-1	.
AGATAGACAGCTGAAG-1	-
AGCATCATCCTGATAG-1	.
AGCCACGGTCATCAGT-1	.
AGCGCCAGTCGTTGCG-1	.
AGCGCTGGTTAAGAAC-1	.
AGCGTATTCGGAGTGA-1	.
AGCTCAACAGTTTCGA-1	-
AGGAATACAGAGGTTG-1	.
AGGCATTGTCGTTGGC-1	-
AGGGAGTTCGCGTGAC-1	.
AGTAACCCAGACTGCC-1	.
AGTAGCTTCAGCAATC-1	-
AGTCAACCACATCATG-1	-
AGTCAACCAGCTGAGA-1	-
AGTCTCCGTCACTCGG-1	-
AGTCTCCTCTCCTACG-1	-
AGTTCCCCACAGGATG-1	-
AGTTCGAGTAGTGATA-1	.
ATACCGATCAGCGGAA-1	.
ATAGACCTCTCTTCAA-1	.
ATCACGAAGCAAACAT-1	.
ATCACGACAGTGGCTC-1	.
ATCACGATCGACGATT-1	-
ATCAGGTCAGCACGAA-1	-
ATCCGTCAGGCACAAC-1	.
ATCCGTCCAGGATTCT-1	.
ATCCTATAGCTGACAG-1	.
ATCGGATAGCGTTGTT-1	-
ATCGTGACAGTTAAAG-1	.
ATCGTGATCCAAGCTA-1	-
ATCTCTACAAGGTCAG-1	.
ATGAGGGCAGGCACAA-1	-
ATGAGTCGTACCATAC-1	-
ATGATCGTCGACATCA-1	-
ATGGTTGGTTGGAGGT-1	-
ATGTCCCGTCAGTCCG-1	.
ATTACTCGTAGCTGCC-1	-
ATTATCCCAGCAGATG-1	.
ATTCATCTCTGCGTCT-1	-
ATTCCTACAGCCTACG-1	-
ATTCTACTCTAGATCG-1	.
ATTGGGTTCTTAAGGC-1	-
ATTGTTCCACTCCACT-1	-
CAAAGAATCAACCGAT-1	-
CAACAGTTCCCATGGG-1	.
CAACGATAGGCCCGTT-1	-
CAACGATCAAATCAAG-1	-
CAAGAGGCAGACATCT-1	-
CACCAAAAGTAAGAGG-1	.
CACGAATGTCGCATCG-1	.
CACGGGTAGAGTCAAT-1	-
CACGTGGTCTCTGCCA-1	.
CACTGAAGTTTACCAG-1	-
CACTTCGTCCCTCGAT-1	.
CAGATACGTGCGAGTA-1	.
CAGATTGGTTGAGGAC-1	-
CAGCAATGTCCAGAAG-1	.
CAGCACGGTGAGTAAT-1	.
CAGCAGCCAACCGCTG-1	-
CAGCAGCGTTTGCAGT-1	.
CAGCCAGAGTGGAAAG-1	.
CAGGCCACAAATCGTC-1	-
CAGTGCGTCAAGAAAC-1	.
CATAAGCAGCACCTGC-1	.
CATAAGCCACTTCAGA-1	.
CATACTTCAATCCTAG-1	.
CATCGGGGTAAGGCTG-1	.
CATCGTCTCGGAGTAG-1	-
CATGCCTAGCTGACAG-1	-
CATTCCGAGGAAAGGT-1	.
CATTCTAAGAATTGTG-1	.
CATTGTTGTGTCTTGA-1	-
CATTGTTTCATCAGTG-1	-
CATTTCACACTGATTG-1	.
CATTTCAGTCACTTCC-1	-
CCAAGCGAGGTACAAT-1	-
CCAAGCGGTCCTTGTC-1	.
CCACTTGGTTAGGAGC-1	-
CCATCACGTCGGAAAC-1	-
CCCGAAGTCAAGTTGC-1	-
CCCTCAAAGTATGAGT-1	-
CCCTCTCCAGACTGCC-1	.
CCGAACGGTGTGTCCG-1	-
CCGCAAGCACGTACAT-1	.
CCGGGTAAGTGCGACA-1	.
CCGGGTAGTATGAGGC-1	.
CCGGGTATCTGGCCAG-1	.
CCGTTCACACACGGAA-1	-
CCTACGTTCCATGATG-1	.
CCTCAACTCGTAGGAG-1	.
CCTCAGTTCAGGCGAA-1	.
CCTCAGTTCATCACCC-1	-
CCTCCAAAGACGACGT-1	-
CCTCTAGAGACCAAAT-1	-
CCTGTTGAGGCTAAAT-1	-
CCTTCAGCACGTACTA-1	-
CGAAGTTGTTATGGTC-1	-
CGAGGCTTCTCGGTCT-1	.
CGATCGGCACGGTAGA-1	-
CGATGCGTCCGCGAGT-1	.
CGCCAGAGTCATGGCC-1	-
CGCCATTCACGACTAT-1	-
CGCCATTCAGATTAAG-1	-
CGCCATTGTCCCGCAA-1	-
CGCGTGAGTGAGAACC-1	.
CGGAACCGTGACCGAA-1	-
CGGAATTTCTACGGTA-1	-
CGGACACCAGCAGTTT-1	.
CGGACACTCGTCTAAG-1	-
CGGGACTTCAGCATTG-1	-
CGGGCATGTGACTCTA-1	-
CGGGCATTCGTGACTA-1	.
CGGGTCACACCCTATC-1	.
CGTAGTAAGACCAGAC-1	-
CGTCAAAAGGGATCGT-1	.
CGTGTCTCAAATGATG-1	.
CTAACCCCAGTTAGGG-1	-
CTACAGACATCGAAGG-1	.
CTACCTGGTTACCCTC-1	.
CTCAGAACAACTGAAA-1	-
CTCCCAAAGTGCCAGA-1	-
CTCCCAATCCGAGCTG-1	-
CTCCTCCTCGACGAGA-1	-
CTCCTTTAGAGGCGTT-1	.
CTCCTTTAGGCACTAG-1	.
CTCCTTTTCCCACAGG-1	.
CTCTCGAAGAATGTTG-1	-
CTGCAGGCAGACCGCT-1	.
CTGCAGGGTATCAGGG-1	-
CTGCATCTCATGCCAA-1	.
CTGCTCAAGTAACGAT-1	-
CTGGACGGTTCAACGT-1	.
CTGTAGAAGAGGGTAA-1	.
CTGTATTGTAGGTGCA-1	.
CTGTCGTGTCTGGTTA-1	-
CTTCGGTTCGGTAACT-1	.
CTTCTCTGTTGCTGAT-1	.
CTTGATTCAGAACTCT-1	-
GAACTGTTCCGCGAGT-1	-
GAAGAATGTAGGCAGT-1	.
GACAGCCGTGCGACAA-1	-
GACCAATGTTCAGCGC-1	.
GACCGTGGTCACTTAG-1	.
GACGCTGAGGATTTAG-1	-
GAGACCCCACTACAGT-1	.
GAGGCAACAACCTAAC-1	-
GAGGGATAGTCACTCA-1	-
GAGGGTACAAAGTGTA-1	.
GAGTCATTCGAAATCC-1	-
GATCGTATCTCCGATC-1	.
GATGAGGTCGCTCTAC-1	.
GATTCTTGTACCATAC-1	.
GCACGGTTCACGAACT-1	.
GCAGCTGAGATGTTAG-1	-
GCATCTCGTCGCCTAG-1	-
GCATCTCGTTAACCTG-1	-
GCATCTCTCCAGGACC-1	-
GCATGATCAAGTGACG-1	-
GCATTAGGTATGTCCA-1	-
GCCAGCAGTTCCTACC-1	-
GCCAGGTGTGGCGCTT-1	-
GCCATGGAGACCAAAT-1	.
GCCCAGAAGACATCCT-1	-
GCCCAGAGTCTGTCAA-1	-
GCCGATGAGATAGCAT-1	-
GCGGATCAGGAAGTAG-1	-
GCGGATCCAATAGAGT-1	.
GCGTGCAAGCTGGAGT-1	-
GCTCAAAGTAGACACG-1	-
GCTTCACCAGGCAATG-1	-
GCTTTCGGTGTGTGTT-1	-
GGAATCTAGGATTTGA-1	-
GGAGGTACAAGAATGT-1	.
GGGACCTTCGAACGGA-1	-
GGGACTCGTGTTCCTC-1	.
GGGTATTCACCAAAGG-1	.
GGTAACTCACTACACA-1	-
GGTAATCTCACGACTA-1	-
GGTGATTAGTTTCGGT-1	-
GGTGTCGGTTAAGGGC-1	-
GGTTCTCGTGCCTTCT-1	-
GGTTGTAAGTCGAAAT-1	.
GGTTGTAGTCCGGCAT-1	.
GTAACACCAAGGGTCA-1	-
GTAACACGTAACAGTA-1	.
GTAACACGTTTCTATC-1	-
GTAAGTCAGGTCGTGA-1	.
GTAGATCCAGAACTCT-1	.
GTAGATCCATCATGAC-1	-
GTAGATCGTTGGTAGG-1	-
GTAGGTTAGAAACTCA-1	-
GTCAAACCACCGTGCA-1	-
GTCCCATCAGACCGCT-1	.
GTCGCGATCGAAGTGG-1	.
GTCGTAATCATTTGTC-1	-
GTGAGGACAGACCCGT-1	-
GTGCAGCCAGTATACC-1	-
GTGGAGACACTTGTGA-1	-
GTGTGGCGTTGGGATG-1	-
GTTACAGCATGAAAGT-1	-
GTTATGGGTTTACTTC-1	-
GTTATGGTCGGTAAGG-1	.
GTTCATTTCCGTGTCT-1	.
GTTCGCTCAATTGCTG-1	.
GTTCGCTTCGCCGATG-1	-
GTTGTCCAGAATCGAT-1	-
GTTGTCCCAAAGTGTA-1	-
GTTGTCCCATCATCTT-1	-
GTTGTGACAGCTCCTT-1	.
GTTGTGATCGGATACT-1	.
TAAGTCGAGGACGCAT-1	-
TAATCTCTCTTGCAGA-1	.
TAATTCCCAGGTGTTT-1	.
TACACCCAGCAGTAAT-1	.
TACATTCGTGCGGTAA-1	-
TACCCGTAGTCACTGT-1	-
TACCCGTCAAATCGGG-1	.
TACCGGGCAGTTTGGT-1	.
TACCTCGGTTAGTTCG-1	-
TACTGCCCACCACTGG-1	-
TACTGCCTCACATACG-1	-
TAGACCAGTCACTAGT-1	-
TAGACTGGTAGCGTAG-1	-
TAGATCGCAGCTGGTC-1	.
TAGGAGGGTTGAAGTA-1	.
TAGGGTTAGTCTTCGA-1	-
TAGGGTTCACCCTAGG-1	.
TAGGGTTGTCACGACC-1	.
TAGTGCAGTGACCTGC-1	.
TATCAGGAGGCAGCTA-1	-
TATTCCACAGGATGAC-1	.
TATTCCAGTTCCGCAG-1	.
TCAAGTGGTGGTCTCG-1	.
TCACACCCAGCTGTCG-1	.
TCAGCCTAGCTCGGCT-1	-
TCAGCCTAGGTAAGAG-1	.
TCAGGGCTCTGATTCT-1	-
TCATACTAGATGTTGA-1	-
TCATCATGTTGCTCAA-1	.
TCATGGAAGAACAAGG-1	.
TCATGGATCGTGTGGC-1	.
TCATTGTCATACAGAA-1	-
TCATTTGAGCTCACTA-1	.
TCCAGAATCATGAAAG-1	.
TCGAACACAAATCAAG-1	.
TCGAACATCGCAGTGC-1	-
TCGACGGCATTGTGCA-1	.
TCGTCCAAGCTGACTT-1	-
TCGTGGGGTGCTCTCT-1	-
TCTAACTGTCGCCTAG-1	-
TCTACATAGGCATGCA-1	.
TCTCCGACAACTCGTA-1	-
TCTCCGATCGCTGCGA-1	.
TGAATGCAGCTCTGTA-1	.
TGACCCTAGGAGTCTG-1	-
TGAGACTCACTAGGTT-1	.
TGAGGTTAGCTGGAGT-1	-
TGATGGTTCGATTCCC-1	-
TGCGACGCAGTCAGCC-1	.
TGCTCCATCATTTCGT-1	.
TGCTCGTCACTAACCA-1	.
TGCTGAAAGCGTCAAG-1	-
TGCTTGCCAAAGAGTT-1	-
TGGAACTCAGACCAGA-1	-
TGGAGAGAGAGTGTGC-1	-
TGGGAAGCAAGCTACT-1	-
TGGGAGAAGTCACTAC-1	.
TGGGTTATCATCCTAT-1	-
TGGTGATGTCAGTCGC-1	-
TGTAAGCCAATGGGTG-1	-
TGTACAGCACGTCTCT-1	-
TGTCCTGTCGTTCAGA-1	-
TGTGAGTGTGCACATT-1	-
TGTGATGGTACTTGTG-1	-
TGTGCGGTCGGTTAGT-1	-
TGTTTGTAGGGCTGAT-1	.
TTAATCCCACTCAAGT-1	.
TTACGTTAGAGGGTAA-1	-
TTACTGTGTTATGTGC-1	-
TTACTGTTCAAATGCC-1	.
TTAGGCACACACAGCC-1	-
TTAGGGTAGACTTCCA-1	-
TTAGTCTCAGTCAGCC-1	-
TTCACGCGTAACACGG-1	-
TTCAGGAAGACTAGAT-1	.
TTCCAATCATCTAACG-1	-
TTCCTAATCTCCTGAC-1	.
TTCCTTCCAGCTGTTA-1	-
TTCCTTCGTCGGAAAC-1	-
TTCCTTCTCGAGTGAG-1	-
TTCTAGTTCTCTCGAC-1	.
TTCTGTAGTCTTGTCC-1	.
TTCTGTAGTTCCTACC-1	-
TTCTTGAAGAGCCCAA-1	-
TTGAGTGTCCCTCTTT-1	-
TTGCATTGTCGAGCAA-1	-
TTGCTGCCAGCGCTTG-1	-
TTGGATGAGGAGTATT-1	.
TTGGATGAGTTACTCG-1	-
TTTACCATCAGAACCT-1	.
TTTAGTCGTAAGGCTG-1	.
TTTCAGTGTGCACGCT-1	-
TTTCATGCAGCACGAA-1	-
TTTCGATTCACCATAG-1	-
TTTCGATTCTCGCCTA-1	-
TTTGACTAGCGTCAAG-1	-
TTTGGAGGTCGTCATA-1	-
