CellIDs,LentiBarcode
AAAGAACGTGTATTGC-1,Negative
AAAGAACTCTTGCAGA-1,1
AAAGTGACAGCGGTCT-1,1
AAAGTGATCACCGCTT-1,Negative
AACAACCGTCCCGGTA-1,3
AACAAGAAGTCGGGAT-1,Negative
AACACACAGTTGTACC-1,Negative
AACCACACATTCCTCG-1,5
AACCCAAAGAGATTCA-1,Negative
AACCTTTAGACGGATC-1,Negative
AACCTTTCAACCTAAC-1,6
AACTTCTCACTCTAGA-1,7
AACTTCTGTACGCTAT-1,6
AACTTCTGTGGCTTAT-1,Negative
AAGACTCGTCGCCTAG-1,1
AAGCATCCACTACACA-1,1
AAGGAATGTAACAGGC-1,Negative
AAGGAATTCGCTCTAC-1,9
AAGGAATTCTTACACT-1,10
AAGTTCGTCCTAGCTC-1,Negative
ACAACCACAGACCGCT-1,5
ACACCAATCCATTTAC-1,11
ACACGCGCACAGTACT-1,Negative
ACACGCGTCGGCTGGT-1,Negative
ACCAAACAGTAAGAGG-1,7
ACCAAACTCACTACTT-1,1
ACCAAACTCACTTGTT-1,13
ACCAACATCATTCACT-1,14
ACCATTTTCCTATTTG-1,Negative
ACCCAAAGTGGCCCAT-1,1
ACCCTTGAGGCACTAG-1,5
ACCCTTGTCAGGGATG-1,Negative
ACCGTTCGTAAGCAAT-1,11
ACGATCACAAGCCCAC-1,11
ACGGAAGGTCGCGGTT-1,Negative
ACGGGTCTCTACTATC-1,14
ACGTCCTGTTCTTCAT-1,16
ACGTTCCCACACCGAC-1,1
ACTGATGGTACAGAGC-1,1
ACTGCAAGTGCATTTG-1,11
ACTTCCGGTCGTGTTA-1,1
ACTTTCAAGGGTTTCT-1,1
AGAACCTAGAGTGACC-1,1
AGAACCTTCGTAACCA-1,Negative
AGAAGCGAGCTCAGAG-1,3
AGACTCAAGCGCACAA-1,Negative
AGACTCATCCCATGGG-1,18
AGAGCCCCACTGCATA-1,Negative
AGATCCAAGCTAAACA-1,1
AGATGAATCTAAGGAA-1,14
AGATGCTTCCATTGCC-1,22
AGCCACGCAGCGGTTC-1,6
AGCCACGTCCCATGGG-1,25
AGCCAGCAGCGTGTTT-1,5
AGCGCCATCTCAAAGC-1,22
AGCTCAAAGGTGAGCT-1,16
AGCTCAACAATGTTGC-1,16
AGCTCAACATGTCTAG-1,Negative
AGGCATTAGCTGGCCT-1,26
AGGTAGGGTATCATGC-1,Negative
AGTAGCTGTACATACC-1,Negative
AGTCATGAGTCTTCGA-1,1
AGTCTCCTCCTGCCAT-1,Negative
AGTGTTGTCATTGAGC-1,5
AGTTCGACACTGCGTG-1,26
ATACCGAAGAGTCTTC-1,18
ATACCGACAAACTCTG-1,27
ATACCTTAGTAGCATA-1,Negative
ATACCTTGTTGACGGA-1,5
ATATCCTTCACATTGG-1,Negative
ATCACTTCATTGTGCA-1,11
ATCACTTGTTCCTTGC-1,6
ATCAGGTTCCTCACCA-1,10
ATCATTCGTACCGTGC-1,Negative
ATCCTATAGACCTTTG-1,7
ATCGTGATCACTGCTC-1,Negative
ATCTCTAGTACCTAAC-1,1
ATCTTCATCACTGCTC-1,3
ATGAGGGAGGAACTCG-1,1
ATGATCGCAACAAGTA-1,3
ATGGATCAGACCCGCT-1,18
ATGTCTTCAGCTAACT-1,Negative
ATTACCTCAGTATTCG-1,Negative
ATTCATCAGTCATAGA-1,Negative
ATTCCATCAGACAATA-1,9
ATTCCTACATTCTTCA-1,3
CAAGAGGCAGGACATG-1,11
CAATTTCTCTAGAACC-1,Negative
CACAGATGTCAAAGTA-1,3
CACCGTTGTCACGACC-1,22
CACGTTCAGTAGTCAA-1,Negative
CACGTTCAGTGTGTTC-1,22
CACGTTCCACTTCATT-1,3
CACTAAGCAATTGGTC-1,Negative
CACTTCGGTACAGAGC-1,Negative
CAGATACAGAGGATGA-1,16
CAGATACGTCCGGCAT-1,1
CAGATCAGTGGAAGTC-1,27
CATACCCGTTGCATTG-1,7
CATCGGGAGAGAGTGA-1,Negative
CATCGTCAGTGGCAGT-1,Negative
CATGGATAGTGCACTT-1,16
CATGGATGTACACGTT-1,Negative
CATTCCGGTGAATGAT-1,6
CATTGAGAGCGGCTCT-1,Negative
CATTGCCCACGTCTCT-1,Negative
CCAATTTCAGACTGCC-1,9
CCACACTGTGTGACCC-1,Negative
CCACACTTCATACGGT-1,25
CCACTTGAGTCTCTGA-1,3
CCATAAGAGATTGATG-1,Negative
CCATCACCAGACTGCC-1,1
CCCATTGCATCGGCCA-1,11
CCCTCTCCACCGTCTT-1,27
CCGATCTGTCACCCTT-1,3
CCGGACAGTGAGCCAA-1,3
CCGGACAGTGGACTGA-1,Negative
CCGGTGACACTATGTG-1,27
CCGGTGATCATGCCAA-1,18
CCTCCAAAGGGACAGG-1,1
CCTCCTCAGATACTGA-1,Negative
CCTCTCCCACAGGATG-1,1
CCTTGTGAGAACTCCT-1,1
CCTTGTGCAGTTAGGG-1,11
CCTTTGGAGCATGTTC-1,1
CGACAGCTCATCCTAT-1,1
CGATCGGGTTTCGTAG-1,1
CGCATGGAGAAGTATC-1,Negative
CGGAGAATCTGTGCTC-1,3
CGTCAAAGTTAAGACA-1,Negative
CGTGCTTTCAGTCACA-1,1
CGTGTCTGTCCAGCGT-1,Negative
CTAACTTAGCGCACAA-1,Negative
CTACATTAGGCCTAGA-1,13
CTACCTGCAGCTTTGA-1,26
CTACCTGCATTAGGAA-1,5
CTATCCGGTACCTGTA-1,Negative
CTATCCGTCTCGTTTA-1,16
CTCAAGAGTATGTGTC-1,11
CTCAAGAGTGGTTTGT-1,Negative
CTCAGGGCACACCTGG-1,10
CTCATGCGTATATGGA-1,1
CTCATTACACGGTAGA-1,1
CTCCTTTCAGGGAGAG-1,7
CTCTGGTGTACCAATC-1,11
CTGAGCGGTATAATGG-1,16
CTGCAGGGTTCGGCTG-1,14
CTGCCATGTTGTGCAT-1,5
CTGGACGCAGGTGAGT-1,22
CTGTGAAGTGTCACAT-1,13
CTTCTCTCAGGTGAGT-1,25
CTTGATTAGGAATCGC-1,14
CTTGATTCACGTGTGC-1,Negative
GAAACCTCAACGATTC-1,11
GAAACCTGTCATCGGC-1,Negative
GAAATGAGTGGACCAA-1,Negative
GACACGCAGGCACTCC-1,Negative
GACAGCCTCATTCACT-1,1
GACATCAAGAGTCAGC-1,Negative
GACCCAGGTGGTATGG-1,Negative
GAGATGGCAACGCATT-1,Negative
GAGGCCTCAGAGAGGG-1,18
GAGTTACTCGACCTAA-1,10
GATAGAATCCACGAAT-1,Negative
GATCATGAGTCTTCCC-1,Negative
GATCGTAAGAATAACC-1,11
GATGGAGGTAGTACGG-1,Negative
GATTGGTAGATGGCGT-1,1
GATTGGTAGGTCCGAA-1,Negative
GCACATATCAAGTAAG-1,16
GCACATATCGTAGTCA-1,13
GCACGTGCATAACGGG-1,Negative
GCACTAATCCAAGCCG-1,Negative
GCAGTTAAGCCTTTCC-1,18
GCATCTCTCCACCCTA-1,Negative
GCATGATAGTTGTACC-1,Negative
GCCAGCAAGGGCAATC-1,27
GCCCGAAAGGGCAGTT-1,5
GCCGATGCATCATTGG-1,Negative
GCCGATGTCTCCATAT-1,5
GCGGAAAAGAGGTCAC-1,Negative
GCTACCTTCGCGTGAC-1,Negative
GCTGGGTGTGCAATAA-1,27
GCTTCACCACCGAATT-1,3
GCTTGGGCAGAGTGAC-1,5
GGAACCCGTGATGGCA-1,Negative
GGAACCCTCGTCCATC-1,13
GGAGGATAGCGTTACT-1,11
GGATCTATCAGGCGAA-1,Negative
GGCGTCACAAGAATGT-1,Negative
GGCTGTGAGGGTTAGC-1,25
GGCTTGGCAGTTTGGT-1,Negative
GGCTTTCGTCTGTGTA-1,Negative
GGGAGATCATCGGAGA-1,6
GGGCTACCAGCCTTCT-1,1
GGGTAGACAACGGCTC-1,5
GGGTAGATCCTCTTTC-1,1
GGGTATTAGTTGCCCG-1,1
GGGTATTGTCTGCAAT-1,Negative
GGGTTATCAGCGTTTA-1,1
GGGTTATGTCCTGGTG-1,Negative
GGTCACGAGGTAAGTT-1,26
GGTCTGGCACCGTCGA-1,3
GGTGAAGGTCTTTCTA-1,Negative
GGTGTTACATCTCGTC-1,Negative
GTAACACCATATGAAG-1,1
GTAATCGGTTGCTTGA-1,Negative
GTACAACTCAAACCCA-1,22
GTACAGTGTGCCGTTG-1,Negative
GTATTTCAGTGCGCTC-1,9
GTCACTCCATCGGTTA-1,Negative
GTCATGAAGCGAATGC-1,Negative
GTCATTTAGTGTTGAA-1,Negative
GTCCACTCACAAGCTT-1,26
GTCGCGACACCTGCTT-1,1
GTCTCACCAGAGTCAG-1,Negative
GTCTGTCCACCCTATC-1,Negative
GTGAGGACAATGCTCA-1,Negative
GTGCACGAGCCACTCG-1,1
GTGCAGCGTCACGACC-1,18
GTGGAAGCAACCGTGC-1,13
GTGGAAGGTTCTAACG-1,1
GTGGTTAAGCTGTACT-1,3
GTGTCCTTCCGCACGA-1,10
GTGTTAGTCGCTGTTC-1,11
GTTACCCCAGGGATAC-1,Negative
GTTAGACAGGTAAACT-1,1
GTTCTATAGTTGCGAG-1,22
GTTGCTCCAAGGAGTC-1,3
GTTGCTCGTCTGTCCT-1,3
GTTGTCCCAAAGACGC-1,1
GTTTACTTCACCTCTG-1,Negative
GTTTGGAAGCAGCCCT-1,1
TAACCAGAGTCGTTAC-1,11
TAAGCACGTCCCACGA-1,6
TAAGCGTAGTTAGTGA-1,Negative
TAAGTCGAGGATCATA-1,1
TAATCTCCAGGTGTGA-1,18
TACACCCCATGTGACT-1,Negative
TACCCACAGAGCTGCA-1,Negative
TACGCTCCACCGTCGA-1,1
TACTGCCCACATAACC-1,25
TAGATCGTCGTTCGCT-1,22
TAGTGCATCCGCATAA-1,10
TATATCCTCATAGCAC-1,10
TATCAGGTCTGGGTCG-1,Negative
TATCTTGAGCTAAATG-1,27
TATTCCACAGCAAGAC-1,11
TCAATTCCAGAGTAAT-1,26
TCACACCAGACTCTTG-1,Negative
TCACGGGTCACCTTAT-1,14
TCACGGGTCGGAATTC-1,1
TCACTATTCGTGTGGC-1,3
TCAGCCTAGTCACACT-1,26
TCAGGGCCACTACAGT-1,Negative
TCAGTGAGTATTAAGG-1,Negative
TCAGTTTAGTTGCTCA-1,11
TCATACTAGGCACCAA-1,Negative
TCATGCCTCCTGGGTG-1,11
TCATGGACACCATTCC-1,14
TCCACGTCAACCACGC-1,1
TCCCACAAGTTTGTCG-1,26
TCCCAGTCACATATGC-1,10
TCCGGGACAGGATGAC-1,3
TCCTCCCAGTTACGGG-1,1
TCCTCCCTCGAGATGG-1,22
TCCTTTCAGCTCAGAG-1,16
TCCTTTCAGGCGCTTC-1,3
TCGAAGTCATCGCCTT-1,Negative
TCGCTCATCTTCGGAA-1,Negative
TCGGGTGGTACCGGCT-1,3
TCGTCCAGTGTTAACC-1,16
TCTACATTCGAACGGA-1,5
TCTCAGCCACAGTACT-1,1
TCTGCCAAGGTAAGAG-1,16
TCTGTCGAGACGAAGA-1,10
TCTGTCGTCTCGTGAA-1,1
TGAATCGTCCTATTTG-1,1
TGAGACTCATCGAACT-1,14
TGAGGAGCAGGAATCG-1,Negative
TGAGGAGGTAGCCAGA-1,Negative
TGAGGGAAGGTACTGG-1,26
TGAGGTTAGATCCTAC-1,Negative
TGATTCTCAACATACC-1,Negative
TGCATCCAGATTCGCT-1,7
TGCATCCCAAGAGTTA-1,3
TGCATGAAGATGACCG-1,11
TGCCGAGCATTAAAGG-1,Negative
TGCGGGTTCTTCCACG-1,1
TGCGGGTTCTTGCGCT-1,Negative
TGCTCCACAACACACT-1,Negative
TGGGAGAAGAGCAAGA-1,Negative
TGGGATTAGGTAAGTT-1,1
TGGTAGTGTTGATGTC-1,3
TGGTAGTTCGCTTGAA-1,Negative
TGTAACGTCCACGTAA-1,13
TGTGTGAAGTCGTTAC-1,1
TGTTACTAGCGTTGTT-1,10
TGTTACTAGGTGATAT-1,5
TGTTCATCAGAAATTG-1,Negative
TGTTTGTAGGAGATAG-1,11
TTAATCCGTACCGCGT-1,6
TTAATCCGTCGTACAT-1,Negative
TTACCATAGTGTTCAC-1,26
TTACCGCGTATGTCAC-1,26
TTACTGTAGGCCTGAA-1,5
TTCACCGCAAGCCTGC-1,Negative
TTCATGTGTTATGACC-1,27
TTCATTGCAATAACGA-1,10
TTCCACGGTATGCTTG-1,25
TTCCTCTGTAGGCAGT-1,Negative
TTCGATTGTTAGGCCC-1,11
TTCTAACGTGCCGTTG-1,1
TTCTAACTCCGATGCG-1,1
TTCTAGTCATGCCGAC-1,Negative
TTCTCTCAGCTCACTA-1,1
TTCTGTAAGATGAATC-1,10
TTGACCCTCATGGTAC-1,26
TTGTGTTCATGGCACC-1,10
TTGTTTGAGCCTGAAG-1,9
TTTACTGTCGATTGGT-1,Negative
TTTACTGTCTAGGCCG-1,Negative
TTTATGCAGAAATTCG-1,26
TTTCAGTGTCTTTATC-1,7
TTTCATGTCAACCCGG-1,10
TTTCCTCCAATCAGCT-1,7
TTTCGATAGAAGAACG-1,3
TTTGATCCAGTAACGG-1,1
TTTGGAGGTTATTCTC-1,Negative
TTTGGTTAGTGACCTT-1,26
TTTGTTGGTTTCTTAC-1,16
